Admin Level 0,Admin Level 1,Admin Level 2
Pakistan, Azad Kashmir, Bagh
Pakistan, Azad Kashmir, Bhimber
Pakistan, Azad Kashmir, Hattian Bala
Pakistan, Azad Kashmir, Haveli
Pakistan, Azad Kashmir, Kotli
Pakistan, Azad Kashmir, Mirpur
Pakistan, Azad Kashmir, Muzaffarabad
Pakistan, Azad Kashmir, Neelum
Pakistan, Azad Kashmir, Poonch
Pakistan, Azad Kashmir, Sudhnati
Pakistan, Balochistan, Awaran
Pakistan, Balochistan, Barkhan
Pakistan, Balochistan, Chagai
Pakistan, Balochistan, Dera Bugti
Pakistan, Balochistan, Gwadar
Pakistan, Balochistan, Harnai
Pakistan, Balochistan, Jaffarabad
Pakistan, Balochistan, Jhal Magsi
Pakistan, Balochistan, Kachhi
Pakistan, Balochistan, Kalat
Pakistan, Balochistan, Kech
Pakistan, Balochistan, Kharan
Pakistan, Balochistan, Khuzdar
Pakistan, Balochistan, Killa Abdullah
Pakistan, Balochistan, Killa Saifullah
Pakistan, Balochistan, Kohlu
Pakistan, Balochistan, Las Bela
Pakistan, Balochistan, Lehri
Pakistan, Balochistan, Loralai
Pakistan, Balochistan, Mastung
Pakistan, Balochistan, Musakhel
Pakistan, Balochistan, Nasirabad
Pakistan, Balochistan, Nushki
Pakistan, Balochistan, Panjgur
Pakistan, Balochistan, Pishin
Pakistan, Balochistan, Quetta
Pakistan, Balochistan, Sheerani
Pakistan, Balochistan, Sibi
Pakistan, Balochistan, Sohbatpur
Pakistan, Balochistan, Washuk
Pakistan, Balochistan, Zhob
Pakistan, Balochistan, Ziarat
Pakistan, Federal Capital Territory, Islamabad
Pakistan, Gilgit-Balistan, Astore
Pakistan, Gilgit-Balistan, Daimer
Pakistan, Gilgit-Balistan, Ghanche
Pakistan, Gilgit-Balistan, Ghizer
Pakistan, Gilgit-Balistan, Gilgit
Pakistan, Gilgit-Balistan, Hunza
Pakistan, Gilgit-Balistan, Kharmang
Pakistan, Gilgit-Balistan, Nagar
Pakistan, Gilgit-Balistan, Shigar
Pakistan, Gilgit-Balistan, Skardu
Pakistan, Khyber Pakhtunkhwa, Abbottabad
Pakistan, Khyber Pakhtunkhwa, Bajaur
Pakistan, Khyber Pakhtunkhwa, Bannu
Pakistan, Khyber Pakhtunkhwa, Batagram
Pakistan, Khyber Pakhtunkhwa, Buner
Pakistan, Khyber Pakhtunkhwa, Charsadda
Pakistan, Khyber Pakhtunkhwa, Chitral
Pakistan, Khyber Pakhtunkhwa, Dera Ismail Khan
Pakistan, Khyber Pakhtunkhwa, Hangu
Pakistan, Khyber Pakhtunkhwa, Haripur
Pakistan, Khyber Pakhtunkhwa, Karak
Pakistan, Khyber Pakhtunkhwa, Khyber
Pakistan, Khyber Pakhtunkhwa, Kohat
Pakistan, Khyber Pakhtunkhwa, Kohistan
Pakistan, Khyber Pakhtunkhwa, Kurram
Pakistan, Khyber Pakhtunkhwa, Lakki Marwat
Pakistan, Khyber Pakhtunkhwa, Lower Dir
Pakistan, Khyber Pakhtunkhwa, Lower Khostan
Pakistan, Khyber Pakhtunkhwa, Malakand PA
Pakistan, Khyber Pakhtunkhwa, Mansehra
Pakistan, Khyber Pakhtunkhwa, Mardan
Pakistan, Khyber Pakhtunkhwa, Mohmand
Pakistan, Khyber Pakhtunkhwa, North Waziristan
Pakistan, Khyber Pakhtunkhwa, Nowshera
Pakistan, Khyber Pakhtunkhwa, Orakzai
Pakistan, Khyber Pakhtunkhwa, Peshawar
Pakistan, Khyber Pakhtunkhwa, Shangla
Pakistan, Khyber Pakhtunkhwa, South Waziristan
Pakistan, Khyber Pakhtunkhwa, Swabi
Pakistan, Khyber Pakhtunkhwa, Swat
Pakistan, Khyber Pakhtunkhwa, Tank
Pakistan, Khyber Pakhtunkhwa, Tor Ghar
Pakistan, Khyber Pakhtunkhwa, Upper Dir
Pakistan, Khyber Pakhtunkhwa, Upper Kohistan
Pakistan, Punjab, Attock
Pakistan, Punjab, Bahawalnagar
Pakistan, Punjab, Bahawalpur
Pakistan, Punjab, Bhakkar
Pakistan, Punjab, Chakwal
Pakistan, Punjab, Chiniot
Pakistan, Punjab, Dera Ghazi Khan
Pakistan, Punjab, Faisalabad
Pakistan, Punjab, Gujranwala
Pakistan, Punjab, Gujrat
Pakistan, Punjab, Hafizabad
Pakistan, Punjab, Jhang
Pakistan, Punjab, Jhelum
Pakistan, Punjab, Kasur
Pakistan, Punjab, Khanewal
Pakistan, Punjab, Khushab
Pakistan, Punjab, Lahore
Pakistan, Punjab, Layyah
Pakistan, Punjab, Lodhran
Pakistan, Punjab, Mandi Bahauddin
Pakistan, Punjab, Mianwali
Pakistan, Punjab, Multan
Pakistan, Punjab, Muzaffargarh
Pakistan, Punjab, Nankana Sahib
Pakistan, Punjab, Narowal
Pakistan, Punjab, Okara
Pakistan, Punjab, Pakpattan
Pakistan, Punjab, Rahim Yar Khan
Pakistan, Punjab, Rajanpur
Pakistan, Punjab, Rawalpindi
Pakistan, Punjab, Sahiwal
Pakistan, Punjab, Sargodha
Pakistan, Punjab, Sheikhupura
Pakistan, Punjab, Sialkot
Pakistan, Punjab, Toba Tek Singh
Pakistan, Punjab, Vehari
Pakistan, Sindh, Badin
Pakistan, Sindh, Dadu
Pakistan, Sindh, Ghotki
Pakistan, Sindh, Hyderabad
Pakistan, Sindh, Jacobabad
Pakistan, Sindh, Jamshoro
Pakistan, Sindh, Karachi Central
Pakistan, Sindh, Karachi East
Pakistan, Sindh, Karachi South
Pakistan, Sindh, Karachi West
Pakistan, Sindh, Kashmore
Pakistan, Sindh, Khairpur
Pakistan, Sindh, Larkana
Pakistan, Sindh, Malir
Pakistan, Sindh, Matiari
Pakistan, Sindh, Mirpur Khas
Pakistan, Sindh, Naushahro Feroze
Pakistan, Sindh, Qambar Shahdadkot
Pakistan, Sindh, Sanghar
Pakistan, Sindh, Shaheed Benazirabad
Pakistan, Sindh, Shikarpur
Pakistan, Sindh, Sujawal
Pakistan, Sindh, Sukkur
Pakistan, Sindh, Tando Allah Yar
Pakistan, Sindh, Tando Muhammad Khan
Pakistan, Sindh, Tharparkar
Pakistan, Sindh, Thatta
Pakistan, Sindh, Umerkot
