Admin Level 0,Admin Level 1,Admin Level 2,
Pakistan, Azad Kashmir, Azad Kashmir
Pakistan, Baluchistan, Kalat
Pakistan, Baluchistan, Makran
Pakistan, Baluchistan, Nasirabad
Pakistan, Baluchistan, Quetta
Pakistan, Baluchistan, Sibi
Pakistan, Baluchistan, Zhob
Pakistan, F.A.T.A., F.A.T.A.
Pakistan, F.C.T., Islamabad
Pakistan, N.W.F.P., Bannu
Pakistan, N.W.F.P., Dera Ismail Khan
Pakistan, N.W.F.P., F.A.T.A.
Pakistan, N.W.F.P., Hazara
Pakistan, N.W.F.P., Kohat
Pakistan, N.W.F.P., Malakand
Pakistan, N.W.F.P., Mardan
Pakistan, N.W.F.P., Peshawar
Pakistan, Northern Areas, Northern Areas
Pakistan, Punjab, Bahawalpur
Pakistan, Punjab, Dera Ghazi Khan
Pakistan, Punjab, Faisalabad
Pakistan, Punjab, Gujranwala
Pakistan, Punjab, Lahore
Pakistan, Punjab, Multan
Pakistan, Punjab, Rawalpindi
Pakistan, Punjab, Sargodha
Pakistan, Sind, Hyderabad
Pakistan, Sind, Karachi
Pakistan, Sind, Larkana
Pakistan, Sind, Mirpur Khas
Pakistan, Sind, Rann of Kutch
Pakistan, Sind, Sukkur
